{"cameraMode":{"drawMode":0,"name":"Shaded","section":"Shading Mode"},"sceneLighting":true,"audioPlay":false,"sceneViewState":{"m_AlwaysRefresh":false,"showFog":true,"showSkybox":true,"showFlares":true,"showImageEffects":true,"showParticleSystems":true,"showVisualEffectGraphs":true,"m_FxEnabled":true},"in2DMode":false,"pivot":{"x":1.0565714836120606,"y":-0.03429282084107399,"z":0.18757814168930055},"rotation":{"x":0.16000992059707642,"y":0.03526891767978668,"z":-0.006173689384013414,"w":0.986560583114624},"size":4.884927749633789,"orthographic":true}