{"cameraMode":{"drawMode":0,"name":"Shaded","section":"Shading Mode"},"sceneLighting":true,"audioPlay":false,"sceneViewState":{"m_AlwaysRefresh":false,"showFog":true,"showSkybox":true,"showFlares":true,"showImageEffects":true,"showParticleSystems":true,"showVisualEffectGraphs":true,"m_FxEnabled":true},"in2DMode":false,"pivot":{"x":2.423264980316162,"y":2.3874645233154299,"z":0.0928269550204277},"rotation":{"x":-0.08705790340900421,"y":-0.051499370485544208,"z":0.005061004310846329,"w":-0.9949552416801453},"size":5.495072841644287,"orthographic":true}