{"cameraMode":{"drawMode":0,"name":"Shaded","section":"Shading Mode"},"sceneLighting":true,"audioPlay":false,"sceneViewState":{"m_AlwaysRefresh":false,"showFog":true,"showSkybox":true,"showFlares":true,"showImageEffects":true,"showParticleSystems":true,"showVisualEffectGraphs":true,"m_FxEnabled":true},"in2DMode":false,"pivot":{"x":-0.5963680744171143,"y":9.327217102050782,"z":3.3496055603027345},"rotation":{"x":-0.09152039140462876,"y":0.06796985864639282,"z":-0.005588245578110218,"w":-0.9935929775238037},"size":22.098262786865236,"orthographic":true}