{"cameraMode":{"drawMode":0,"name":"Shaded","section":"Shading Mode"},"sceneLighting":true,"audioPlay":false,"sceneViewState":{"m_AlwaysRefresh":false,"showFog":true,"showSkybox":true,"showFlares":true,"showImageEffects":true,"showParticleSystems":true,"showVisualEffectGraphs":true,"m_FxEnabled":true},"in2DMode":false,"pivot":{"x":-1.056439757347107,"y":-2.1233198642730715,"z":2.405313491821289},"rotation":{"x":-0.021088913083076478,"y":-0.11597264558076859,"z":0.0031049875542521478,"w":-0.993131697177887},"size":4.40055513381958,"orthographic":true}