{"cameraMode":{"drawMode":0,"name":"Shaded","section":"Shading Mode"},"sceneLighting":true,"audioPlay":false,"sceneViewState":{"m_AlwaysRefresh":false,"showFog":true,"showSkybox":true,"showFlares":true,"showImageEffects":true,"showParticleSystems":true,"showVisualEffectGraphs":true,"m_FxEnabled":true},"in2DMode":false,"pivot":{"x":-6.046003341674805,"y":4.214240550994873,"z":-6.452976703643799},"rotation":{"x":-0.10058716684579849,"y":0.039582982659339908,"z":-0.003452697303146124,"w":-0.9942329525947571},"size":17.69932746887207,"orthographic":true}