{"cameraMode":{"drawMode":0,"name":"Shaded","section":"Shading Mode"},"sceneLighting":true,"audioPlay":false,"sceneViewState":{"m_AlwaysRefresh":false,"showFog":true,"showSkybox":true,"showFlares":true,"showImageEffects":true,"showParticleSystems":true,"showVisualEffectGraphs":true,"m_FxEnabled":true},"in2DMode":false,"pivot":{"x":-1.2744396924972535,"y":-0.9403372406959534,"z":1.9728660583496094},"rotation":{"x":-0.18941514194011689,"y":0.24678905308246613,"z":-0.04862898588180542,"w":-0.9492359757423401},"size":5.109484672546387,"orthographic":true}