{"cameraMode":{"drawMode":0,"name":"Shaded","section":"Shading Mode"},"sceneLighting":true,"audioPlay":false,"sceneViewState":{"m_AlwaysRefresh":false,"showFog":true,"showSkybox":true,"showFlares":true,"showImageEffects":true,"showParticleSystems":true,"showVisualEffectGraphs":true,"m_FxEnabled":true},"in2DMode":false,"pivot":{"x":1.0565714836120606,"y":-0.03429282084107399,"z":0.18757814168930055},"rotation":{"x":0.3651421070098877,"y":-0.017100777477025987,"z":0.006227818783372641,"w":0.930874228477478},"size":4.884927749633789,"orthographic":true}